{"val_loss": 0.5417143702507019, "val_acc": 0.8490028381347656, "epoch": 9, "trainer/global_step": 969, "_timestamp": 1649611562, "_runtime": 224, "_step": 9}