{"val_loss": 0.5505368113517761, "val_acc": 0.8376068472862244, "epoch": 8, "trainer/global_step": 872, "_timestamp": 1649611214, "_runtime": 200, "_step": 8}